{"experimentIDs":["3183BC13-DE61-4079-9111-4792D21CB9A1"],"dataResult":{"createdDate":"2024-07-14T17:22:42Z","dataSourceID":"8FE41512-BDB4-4E44-976E-4CD572588A2B","dataURL":"file:\/\/\/Users\/priyankshusheet\/Downloads\/HackingWithSwift-main\/SwiftUI\/project4-files\/BetterRest.csv"},"pathType":0,"createdDate":"2024-07-14T17:22:42Z","title":"BetterRest.csv","dataURL":"file:\/\/\/Users\/priyankshusheet\/Downloads\/HackingWithSwift-main\/SwiftUI\/project4-files\/BetterRest.csv","id":"8FE41512-BDB4-4E44-976E-4CD572588A2B","dataPathRelativeToProjectURL":"..\/..\/..\/..\/Downloads\/HackingWithSwift-main\/SwiftUI\/project4-files\/BetterRest.csv\/","activityEntities":["dataSourceMetrics",[{"id":"BD1E3C4B-DD5F-4B19-945E-8B689785713F","title":"Data Summary","subtitle":"10,000 Items","createdDate":"2024-07-14T17:23:33Z","event":"dataSourceMetrics"}],"dataSourceTrainingStarted",[{"id":"1EC9F9C1-FBB4-469D-812B-F0FB73E417A6","createdDate":"2024-07-14T17:23:33Z","event":"dataSourceTrainingStarted","title":"Used By","subtitle":"SleepyBeans 1"}]],"modifiedDate":"2024-07-14T17:23:33Z","preferredFilename":"BetterRest.csv","version":"1.0"}