{"evaluationContainerEntity":{"modifiedDate":"2024-07-14T17:23:36Z","validationEvaluationEntity":{"dataResult":{"createdDate":"2024-07-14T17:22:42Z"},"evaluationResult":{"generalRegressor":{"maximumError":694.8439790218545,"rootMeanSquaredError":176.87807805762287}},"id":"0ac90c6b-3bdd-4cd6-a946-defecc59c695","createdDate":"2024-07-14T16:21:52Z","analysedDataType":"auto"},"previewType":"tabularRegressor","id":"3d442ecd-f170-4152-a0a2-de456b7a1b91","trainingEvaluationEntity":{"createdDate":"2024-07-14T16:21:52Z","dataSourceID":"8FE41512-BDB4-4E44-976E-4CD572588A2B","dataResult":{"createdDate":"2024-07-14T17:22:42Z","dataSourceID":"8FE41512-BDB4-4E44-976E-4CD572588A2B","targetRange":[19216,45224],"itemsCount":10000,"dataAnalysis":{"summary":{"sampleCount":10000,"canUseValidation":1},"issues":[{"description":"Data has 10000 rows","severity":"info"}],"classifierAnalysis":{},"regressorAnalysis":{"targetRange":[19216,45224]}},"dataURL":"file:\/\/\/Users\/priyankshusheet\/Downloads\/HackingWithSwift-main\/SwiftUI\/project4-files\/BetterRest.csv"},"analysedDataType":"none","evaluationResult":{"generalRegressor":{"maximumError":700.7884351177563,"rootMeanSquaredError":177.06208892898567}},"id":"afc15f8f-0ffb-4993-b073-61d3700964a6"},"createdDate":"2024-07-14T17:23:36Z","testingEvaluationEntity":{"analysedDataType":"none","id":"d2a8f3dd-ed7a-43a5-a786-42dfd386c768","dataResult":{"createdDate":"2024-07-14T17:22:42Z"},"createdDate":"2024-07-14T16:21:52Z"},"evaluationEntities":[{"id":"0273b507-d182-40c9-a3c7-2cac34210923","dataResult":{},"createdDate":"2024-07-14T17:23:36Z","analysedDataType":"none"}]},"title":"SleepyBeans 1","activityEntities":["trainingStarted",[{"title":"Training Started","subtitle":"SleepyBeans 1","event":"trainingStarted","createdDate":"2024-07-14T17:23:33Z","id":"17D5FC73-DEDC-4C2C-B521-EF0768529406"}],"trainingFinished",[{"event":"trainingFinished","title":"Training Completed","id":"70B5793B-073E-4257-93F2-17502D9E19E1","subtitle":"SleepyBeans 1","createdDate":"2024-07-14T17:23:34Z"}],"experimentCreated",[{"subtitle":"SleepyBeans 1","event":"experimentCreated","title":"Model Source Created","createdDate":"2024-07-14T16:21:52Z","id":"894F2A49-CCCC-4682-A2DD-45327D52B2CD"}],"trainingDataAdded",[{"createdDate":"2024-07-14T17:22:45Z","event":"trainingDataAdded","title":"Training Data Added","id":"20E67D80-41E4-4C2F-8B6C-D86CF4030191","subtitle":"BetterRest.csv"}]],"state":"trained","evaluationState":"uninitialized","id":"3183BC13-DE61-4079-9111-4792D21CB9A1","evaluationEntity":{"analysedDataType":"none","id":"c81a91fa-8d0c-4bbe-bd04-4e802b99d248","dataResult":{}},"contentDataResult":{"createdDate":"2024-07-14T17:22:42Z"},"modelEntity":{"modifiedDate":"2024-07-14T16:21:52Z","id":"FDBB7881-08E0-4B5F-8FB0-95ED5986DA40","title":"","experimentID":"3183BC13-DE61-4079-9111-4792D21CB9A1","modelURL":"Models\/SleepyBeans%201.mlmodel","preferredFilename":"","version":"1.0","createdDate":"2024-07-14T16:21:52Z"},"createdDate":"2024-07-14T16:21:52Z","trainingEntity":{"trainingResults":{"generalRegressor":{"rootMeanSquaredError":177.06208892898567,"maximumError":700.7884351177563}},"validationResults":{"generalRegressor":{"maximumError":694.8439790218545,"rootMeanSquaredError":176.87807805762287}},"dataSourceID":"8FE41512-BDB4-4E44-976E-4CD572588A2B","snapshottableCheckpoints":{},"analysedDataType":"datasource","startTime":"2024-07-14T17:23:33Z","trainingAccuracy":177.06208892898567,"finishTime":"2024-07-14T17:23:34Z","checkpointMetrics":{},"validationAccuracy":176.87807805762287,"dataResult":{"dataSourceID":"8FE41512-BDB4-4E44-976E-4CD572588A2B","createdDate":"2024-07-14T17:22:42Z","targetRange":[19216,45224],"columns":["wake","estimatedSleep","coffee","actualSleep"],"dataAnalysis":{"regressorAnalysis":{"targetRange":[19216,45224]},"classifierAnalysis":{},"summary":{"canUseValidation":1,"sampleCount":10000},"issues":[{"severity":"info","description":"Data has 10000 rows"}]},"columnTypes":["Double","Double","Double","Double"],"itemsCount":10000,"dataURL":"file:\/\/\/Users\/priyankshusheet\/Downloads\/HackingWithSwift-main\/SwiftUI\/project4-files\/BetterRest.csv","columnValues":["31,500.00, 32,400.00, 26,100.00, 40,500.00, 19,800.00, 27,000.00, 20,700.00, 21,600.00, 41,400.00, 34,200.00, 21,600.00, 78,300.00, 32,400.00, 28,800.00, 18,900.00, 18,000.00, 28,800.00, 18,000.00, 7,200.00, 35,100.00, 24,300.00, 35,100.00, 34,200.00, 27,900.00, 30,600.00, 69,300.00, 35,100.00, 34,200.00, 34,200.00, 23,400.00","9.00, 5.00, 6.50, 8.75, 6.00, 7.50, 9.25, 6.00, 9.25, 6.75, 5.25, 9.25, 10.00, 8.75, 8.25, 6.25, 10.00, 6.25, 10.00, 9.50, 5.00, 7.50, 6.25, 8.00, 8.00, 6.50, 8.00, 10.00, 8.25, 8.00","6.00, 2.00, 10.00, 4.00, 3.00, 1.00, 1.00, 3.00, 5.00, 8.00, 3.00, 8.00, 2.00, 3.00, 1.00, 2.00, 3.00, 2.00, 1.00, 4.00, 2.00, 1.00, 1.00, 4.00, 3.00, 7.00, 4.00, 4.00, 1.00, 3.00","38,230.00, 20,180.00, 31,989.00, 35,258.00, 24,487.00, 28,300.00, 34,548.00, 24,557.00, 37,836.00, 31,340.00, 21,874.00, 40,405.00, 38,076.00, 34,265.00, 30,936.00, 24,665.00, 39,007.00, 24,578.00, 37,267.00, 37,878.00, 20,220.00, 28,400.00, 23,882.00, 32,427.00, 31,699.00, 29,670.00, 32,789.00, 39,792.00, 30,935.00, 31,701.00"]},"featureExtractionCheckpointMayBeAvailable":false,"progress":[]},"snapshotRole":{"withoutSnapshots":0},"validationEntity":{"analysedDataType":"auto","dataResult":{"createdDate":"2024-07-14T17:22:42Z"}},"settingEntity":{"seedType":"default","algorithmType":"maxEnt","generalRegressorType":{"auto":{}},"suggestedColumnValues":["31,500.00, 32,400.00, 26,100.00, 40,500.00, 19,800.00, 27,000.00, 20,700.00, 21,600.00, 41,400.00, 34,200.00, 21,600.00, 78,300.00, 32,400.00, 28,800.00, 18,900.00, 18,000.00, 28,800.00, 18,000.00, 7,200.00, 35,100.00, 24,300.00, 35,100.00, 34,200.00, 27,900.00, 30,600.00, 69,300.00, 35,100.00, 34,200.00, 34,200.00, 23,400.00","9.00, 5.00, 6.50, 8.75, 6.00, 7.50, 9.25, 6.00, 9.25, 6.75, 5.25, 9.25, 10.00, 8.75, 8.25, 6.25, 10.00, 6.25, 10.00, 9.50, 5.00, 7.50, 6.25, 8.00, 8.00, 6.50, 8.00, 10.00, 8.25, 8.00","6.00, 2.00, 10.00, 4.00, 3.00, 1.00, 1.00, 3.00, 5.00, 8.00, 3.00, 8.00, 2.00, 3.00, 1.00, 2.00, 3.00, 2.00, 1.00, 4.00, 2.00, 1.00, 1.00, 4.00, 3.00, 7.00, 4.00, 4.00, 1.00, 3.00","38,230.00, 20,180.00, 31,989.00, 35,258.00, 24,487.00, 28,300.00, 34,548.00, 24,557.00, 37,836.00, 31,340.00, 21,874.00, 40,405.00, 38,076.00, 34,265.00, 30,936.00, 24,665.00, 39,007.00, 24,578.00, 37,267.00, 37,878.00, 20,220.00, 28,400.00, 23,882.00, 32,427.00, 31,699.00, 29,670.00, 32,789.00, 39,792.00, 30,935.00, 31,701.00"],"transferLearningEmbeddingType":"dynamic","styleTransferAlgorithmType":"image","taskType":"generalRegresor","targetColumn":"actualSleep","augmentations":[],"suggestedColumns":["wake","estimatedSleep","coffee","actualSleep"],"suggestedColumnTypes":["Double","Double","Double","Double"],"handPoseClassifierAugmentations":[],"harVideoAugmentations":0,"handActionClassifierAugmentations":[],"featureNames":["wake","estimatedSleep","coffee"]},"preferredFilename":"SleepyBeans 1","version":"1.0","modifiedDate":"2024-07-14T17:23:36Z"}